shortest path,distance,type,NDepDep,distance_long,NDepArr,QDepDep,angle,QDepArr,other_moving_ac,taxi_time
1233.6186253090575,1549.2746207462244,1,0,793.0457372249411,1,0,327.0862956038658,0,3,11.45
636.2286563456408,1018.0473879761496,0,0,0.0,0,0,234.34993389438483,0,4,2.7666666666666666
1404.84563736208,1593.7167304457903,1,1,891.6137929142803,0,2,361.0561121156748,4,8,21.116666666666667
1685.8020101994125,1873.436626391496,0,0,537.6730309197001,0,0,373.0243379407361,0,0,3.716666666666667
1403.0215565848362,1560.5374103582617,0,0,0.0,0,0,371.8364675938639,0,9,3.333333333333333
1628.497746754769,2230.1687438627646,1,0,793.0457372249411,1,0,605.0649398442156,1,1,9.95
1199.6034488994912,1497.3758356792002,1,2,1014.0460966443912,1,1,221.1390286229121,1,4,3.4833333333333334
514.3111678925505,739.8132230742112,0,0,0.0,0,0,302.51871593057456,0,12,8.016666666666667
2302.942851038941,2538.4097944006235,1,0,1014.0460966443912,3,0,607.4530497483003,3,3,11.416666666666666
2142.6048494975903,3563.706522389826,1,2,1815.0945728704107,2,2,676.9808666591437,1,4,13.233333333333333
1054.1037882411256,1299.2729298016843,0,0,886.4465447797426,0,0,298.8684475101678,0,1,3.0166666666666666
101.2537122451,653.5672805453642,0,0,0.0,0,0,183.3432998362418,0,2,1.5833333333333333
1695.4444074353046,1910.571330216365,1,0,974.8760264943768,1,0,369.7792916682056,0,1,9.6
2245.768545940102,2443.863264936126,1,2,776.2808037692365,1,2,479.1926431190575,1,4,9.7
2027.1474836812408,2169.070847924641,1,2,1014.0460966443912,0,2,454.22207728212777,0,3,9.916666666666666
1718.5518985451652,2022.6266780421813,0,0,0.0,0,0,549.2541497830998,0,4,5.033333333333333
71.9216445924,205.3151625762,1,3,0.0,2,2,102.84021559266832,1,5,2.283333333333333
2302.942851038941,2489.345388898023,1,0,1014.0460966443912,0,0,517.0806413907436,0,1,8.516666666666667
1645.186045026362,2126.090790820216,1,0,0.0,1,0,600.9783033191678,0,1,7.45
1620.8937488027616,2063.805197320911,0,0,0.0,0,0,510.9421874702752,0,6,4.1
1036.2092724184497,1493.115598206705,0,0,0.0,0,0,418.0196757156232,0,2,4.783333333333333
2279.731463001046,2452.9618852192457,1,2,1014.0460966443912,1,2,576.0773865883698,0,4,9.45
1572.392429811169,1828.822702520936,1,1,1317.2456923341124,3,0,338.15099020320986,1,5,9.7
2697.1254526851026,3328.6137353050244,1,1,974.8760264943768,0,1,726.7033497339064,0,4,15.733333333333333
2830.5556440484934,2986.042278002118,1,0,1014.0460966443912,0,0,693.8927181979645,0,0,13.75
982.2404050092496,1343.764804300205,0,0,0.0,0,0,328.5794500082408,0,8,3.683333333333333
3149.3588323571303,3359.005514429321,1,0,1826.6017585018524,0,1,632.3715330625924,1,2,12.516666666666667
2697.1254526851026,3328.6137353050244,1,1,974.8760264943768,1,1,726.7033497339064,0,4,15.183333333333334
2065.484886848455,2352.385818224416,1,0,974.8760264943768,1,2,490.22804683836335,0,1,18.4
1165.5475705102426,1843.11007820154,0,0,575.4407558091866,0,0,732.8615440450598,0,6,4.483333333333333
1093.8755505365496,1785.0743784164874,0,0,0.0,0,0,651.615031853899,0,3,3.966666666666667
761.7113082862243,948.0696337788014,0,0,0.0,0,0,229.1811428309062,0,3,2.5
1021.4288910287426,1447.270863370698,0,0,806.5635632358426,0,0,305.5965657027678,0,3,5.266666666666667
1169.8033190408748,1455.9232087785183,0,0,608.7054608738868,0,0,361.298017475478,0,1,4.133333333333334
658.0452017247885,1041.0339587214237,0,0,0.0,0,0,344.8370220436456,0,0,2.6166666666666667
1748.887065417704,1958.1968021193647,1,3,974.8760264943768,1,3,372.13493913585154,1,6,9.916666666666666
1093.8755505365496,1433.244103138305,0,0,0.0,0,0,329.88315831367936,0,0,3.716666666666667
1581.3616169237007,1832.117257591333,0,0,608.7054608738868,0,0,519.8715931034922,0,1,7.816666666666666
1802.855932826904,2020.7583575141653,1,0,974.8760264943768,0,0,372.693491328054,0,1,10.483333333333333
1119.2900744194426,1645.398727188949,0,0,575.4407558091866,0,0,464.31616242944926,0,0,4.366666666666666
1853.4514826888287,2064.790541263535,1,0,1314.2736708799266,0,0,336.8810817419301,0,0,10.566666666666666
960.2954680657396,1169.3889472795593,1,3,565.1118910359618,1,2,313.316938907366,0,10,10.016666666666667
1387.2043563481748,1648.575241094294,1,2,746.9421803053973,3,2,464.0903044894853,1,7,11.666666666666666
1619.6718222631885,1906.295102903556,1,2,1014.0460966443912,3,2,918.4640214924178,2,8,14.333333333333334
208.5538333746769,531.0532525008189,0,0,0.0,0,0,52.57526679513575,0,2,9.366666666666667
995.2012782431324,1184.4770938455913,0,0,0.0,0,0,368.12500388615774,0,3,3.3666666666666667
489.24616994961286,595.3898882830129,1,0,0.0,3,1,253.1055205861944,2,4,11.866666666666664
1193.3447757877968,1425.9266662053217,0,0,537.6730309197001,0,0,261.202579868898,0,1,7.65
1404.84563736208,1593.7167304457903,1,1,891.6137929142803,4,0,361.0561121156748,4,8,11.35
2134.559009072841,2245.2396375521407,1,0,1014.0460966443912,1,0,366.4758407221343,1,2,8.866666666666667
101.2537122451,653.5672805453642,0,0,0.0,0,0,183.3432998362418,0,3,1.2833333333333334
1165.5475705102426,1535.016638415898,0,0,806.5635632358426,0,0,304.03611308425127,0,0,3.3833333333333333
2024.7389669336385,2577.5726267104133,1,1,974.8760264943768,0,0,568.6687018137717,0,1,11.5
2350.76091767168,2572.8597067194187,1,0,746.9421803053973,0,0,771.0571925843035,0,0,16.216666666666665
2302.942851038941,2538.4097944006235,1,0,1014.0460966443912,1,0,607.4530497483003,2,3,12.016666666666667
101.2537122451,494.1071009732556,0,0,0.0,0,0,282.3368614439388,0,8,0.5333333333333333
2119.7786276831343,2243.820432122034,1,0,1626.487206640078,0,0,333.65062714550584,0,0,10.416666666666666
1683.1099936591693,2150.3695031727643,1,1,793.0457372249411,6,1,606.8064603727108,1,8,11.566666666666666
167.65724346138285,303.49040108144163,0,0,0.0,0,0,186.84321243009845,0,2,0.5166666666666667
1704.8683577939496,1912.006045935427,1,1,1097.475619629873,0,1,335.0138465373857,0,2,9.9
2408.995671551268,3055.451069553395,1,1,793.0457372249411,0,0,691.250977908505,0,3,14.233333333333333
1149.9808674801495,1562.107749330905,0,0,0.0,0,0,498.5673319398467,0,1,3.1666666666666665
1860.522210945004,2101.9853682725657,1,0,1499.075981603548,3,0,373.60336202861134,1,5,10.333333333333334
1853.4514826888287,2064.790541263535,1,3,1314.2736708799266,1,1,336.8810817419301,0,11,13.866666666666667
1521.7484064428927,1822.437286497854,1,0,974.8760264943768,1,0,362.5386674292672,0,1,12.216666666666669
992.6218382914496,1193.1649435665497,0,0,0.0,0,0,245.1386045210521,0,3,3.533333333333333
1204.5931143845496,1749.2134861711877,0,0,0.0,0,0,567.4322541299725,0,5,3.5
2802.186867561576,3187.55712775305,0,0,1019.764459621634,0,0,594.6373322004367,0,3,6.716666666666667
2885.206636698994,3443.4913607812537,1,1,1014.0460966443912,1,1,691.8975672840943,2,6,17.55
1165.5475705102426,1635.2519595347978,0,0,806.5635632358426,0,0,354.7888385515349,0,4,4.016666666666667
1802.855932826904,3134.517175173213,1,0,974.8760264943768,0,1,862.5075180110732,5,0,7.566666666666666
2498.06751488413,2741.240557395416,1,0,1498.5996006198538,1,0,489.0290190665966,0,3,13.116666666666667
1958.2322219175728,2278.5029711177685,0,0,608.7054608738868,0,0,717.7636031777247,0,20,9.25
1227.469597158975,1479.4726084568824,0,0,608.7054608738868,0,0,363.5287616838547,0,1,3.466666666666667
158.9169671457,388.2653783427,0,0,0.0,0,0,195.50973822831872,0,11,0.7222222222222222
2402.4954147236213,2659.2282596557457,1,0,1014.0460966443912,2,0,507.0165108109754,2,2,12.116666666666667
1180.4935670065372,1601.964485240093,0,0,886.4465447797426,0,0,319.0567783767432,0,8,3.783333333333333
2176.221460609314,2414.6642945977105,0,0,0.0,0,0,608.8498905090042,0,2,10.433333333333334
2303.155054569768,2550.555268360259,1,1,793.0457372249411,2,1,691.989812831158,2,3,10.45
2302.942851038941,2538.4097944006235,1,0,1014.0460966443912,3,0,607.4530497483003,2,4,9.433333333333334
1860.522210945004,2070.172347552565,1,0,974.8760264943768,1,2,372.8688409442439,2,5,12.55
368.496775517574,2573.5304610884973,1,0,886.4465447797426,0,0,871.5734294715729,1,1,12.358333333333334
1568.7450777160316,1793.0361440034374,0,0,2325.105342157588,0,0,926.9641711615732,0,2,9.53888888888889
2282.0620775908137,2663.863676363388,0,0,0.0,0,0,664.7882086085392,0,11,8.083333333333334
1837.716016967186,2122.5316803142264,1,4,776.2808037692365,3,2,442.0225052444192,3,9,11.383333333333333
1730.3022398175694,2057.056312712584,1,1,974.8760264943768,0,1,347.76094065762703,0,2,6.15
875.4829033479243,1108.7463006914015,0,0,0.0,0,0,399.0683628352888,0,5,2.85
2726.2896695532936,3267.992264867554,1,5,1014.0460966443912,3,5,632.0405751290393,2,13,15.633333333333333
1853.4514826888287,560.991989274653,1,1,529.0115870102047,2,61,215.28989679823377,34,5,3.4833333333333334
1971.2397747930045,2423.5321689243938,1,3,974.8760264943768,1,2,642.2588321981123,3,7,11.833333333333334
1097.2496260315402,1434.5548858588363,1,1,0.0,0,0,337.6863392447337,0,2,3.566666666666667
1860.522210945004,2070.172347552565,1,0,974.8760264943768,1,0,372.8688409442439,2,4,10.75
2610.422852049466,2925.841030227252,1,5,974.8760264943768,1,3,848.3799420276887,1,7,18.766666666666666
2214.41423070973,2544.350634179516,1,1,974.8760264943768,2,1,541.8222932607872,1,3,15.166666666666666
2628.820451185666,2717.4831312859883,1,2,974.8760264943768,0,2,591.0481163317205,0,2,12.9
615.2101087106505,795.6449636260112,0,0,0.0,0,0,410.5532742969174,0,2,1.8833333333333333
2306.981690015363,2684.002986867644,0,0,1019.764459621634,0,0,585.491330004444,0,8,10.35
1604.2054505311687,1823.730241098836,1,1,1317.2456923341124,1,0,323.1675435793452,0,3,7.133333333333334
101.2537122451,653.5672805453642,0,0,0.0,0,0,183.3432998362418,0,0,1.6833333333333331
995.2012782431324,1238.7889323578966,1,0,0.0,3,0,383.77194277540593,0,3,8.566666666666666
1155.2163342079543,1569.5051602107098,0,0,0.0,0,0,409.8254495716167,0,1,4.25
189.4413427388508,495.7154994439247,0,0,0.0,0,0,380.58987283408896,0,1,3.083333333333333
1068.6878774112429,1497.997579079498,0,0,806.5635632358426,0,0,308.40878081594514,0,1,4.483333333333333
1683.1099936591693,2150.3695031727643,1,0,793.0457372249411,0,0,606.8064603727108,0,0,10.8
2224.038307910941,2379.684720782341,1,0,1014.0460966443912,0,0,472.2950731820305,0,1,11.883333333333333
1115.8344516316747,1335.6953752656182,1,0,0.0,2,0,362.0603377229582,0,3,9.25
2416.453119844446,2664.55518872673,0,0,1019.764459621634,0,0,625.3362220709233,0,0,5.983333333333333
1892.335231665004,2096.892906850466,1,1,1499.075981603548,0,1,358.6199154047467,0,2,10.25
1306.98445397138,1502.2705486769903,1,1,891.6137929142803,1,2,357.63432646117093,0,5,10.816666666666666
1304.1456780692292,1726.6523009089256,0,0,0.0,0,0,383.78477047697504,0,2,6.733333333333333
1036.2092724184497,1850.992944614288,0,0,0.0,0,0,651.7903814700895,0,2,4.233333333333333
771.7930235760506,1007.7798713981076,1,2,0.0,2,1,525.8934444606703,1,4,7.566666666666666
2753.129913386966,2990.452889060516,1,8,1499.075981603548,0,9,533.3749708457214,2,13,22.23333333333333
1778.6080026878656,2253.517221262113,0,0,0.0,0,0,406.9178338935825,0,7,5.216666666666667
1135.0914086275254,1392.678736034084,0,0,806.5635632358426,0,0,348.2961698552379,0,2,3.65
1165.5475705102426,1635.2519595347978,0,0,806.5635632358426,0,0,354.7888385515349,0,3,3.883333333333333
960.1329413628448,1277.133802334458,1,0,0.0,1,0,715.8987765723593,2,2,3.933333333333333
2350.76091767168,2665.1908100075925,1,0,1499.075981603548,2,0,611.8895004620937,1,2,17.716666666666665
1556.7401519979928,1821.6623163341656,1,2,974.8760264943768,1,2,280.59124413176204,1,7,6.5
113.6116155478,2078.7331416619536,1,0,1097.475619629873,1,0,345.99507022571873,0,1,4.95
2065.484886848455,2298.436089868316,1,0,974.8760264943768,1,0,482.4269608080989,0,1,11.583333333333334
43.2246749033,274.3697501936,1,2,0.0,1,2,271.91191658479056,0,4,7.775
2214.41423070973,2454.630017407016,1,1,974.8760264943768,2,1,529.9461934482487,1,5,13.266666666666667
1204.5931143845496,1749.2134861711877,0,0,0.0,0,0,567.4322541299725,0,4,4.033333333333333
2065.484886848455,2516.771720932416,1,1,974.8760264943768,2,1,489.35765431608496,2,3,15.116666666666667
928.7977470268496,1289.795936891005,0,0,0.0,0,0,328.237614846865,0,2,4.35
2885.206636698994,3443.4913607812537,1,7,1014.0460966443912,6,4,691.8975672840943,0,17,15.683333333333334
84.363415853,2980.6954320603927,1,2,1314.2736708799266,2,0,792.409527254041,0,4,-0.3
1673.7237098445162,2083.3736502149795,0,0,1150.1577085007834,0,0,619.0712668846613,0,3,9.65
1935.6975425773912,2278.6159628682103,0,0,0.0,0,0,484.8180026757124,0,4,7.6
1119.2900744194426,1537.715554847798,0,0,806.5635632358426,0,0,308.089510965271,0,8,4.55
1589.0807280827617,1977.162573119611,0,0,0.0,0,0,428.03493863872217,0,6,7.9
2065.484886848455,2352.385818224416,1,0,974.8760264943768,0,1,479.32712039029406,0,1,13.6
859.2340005447448,1190.2247846592593,1,2,565.1118910359618,3,0,336.14338969797944,1,6,8.65
875.8228644456319,1562.0316693924383,0,0,0.0,0,0,410.2824973171668,0,2,3.3833333333333333
1556.7401519979928,1821.6623163341656,1,2,974.8760264943768,3,3,280.59124413176204,3,7,8.616666666666667
982.2404050092496,1426.856632103005,0,0,0.0,0,0,417.6932337306266,0,2,4.0
1122.6356493447372,1571.002193249593,0,0,886.4465447797426,0,0,318.9161398571779,0,7,3.883333333333333
1921.48272936779,3517.5505250644,1,2,1925.169814191192,3,2,752.0816499801265,4,10,18.116666666666667
3090.2162249322314,3228.476640637454,1,3,974.8760264943768,4,2,721.6814198772081,3,13,19.1
1786.8569000446014,2203.3774340907817,0,0,0.0,0,0,657.0036888256802,0,5,6.916666666666667
2167.5936451208054,2944.078554714645,0,0,974.8760264943768,0,0,613.5717402553311,0,3,8.466666666666667
1646.498380175574,3658.23415226808,1,2,2047.6021179213024,3,2,622.6735096443055,8,9,18.53333333333333
1066.1136592200448,1276.491388008461,1,0,709.7835036448448,3,0,325.28447043959886,1,4,9.066666666666666
1873.964058320165,2032.2852305170647,1,1,1388.721913764923,1,2,239.25808799016963,2,3,9.233333333333333
2282.3974224011304,2464.566630763516,1,1,974.8760264943768,2,1,397.606850216909,0,3,7.716666666666667
750.1557309741747,1856.462133594896,0,0,793.0457372249411,0,0,402.29972186142606,0,0,2.8833333333333333
1283.574914102575,1524.9040269407826,0,0,608.7054608738868,0,0,441.8456747678383,0,1,5.983333333333333
1799.350855615441,2186.185330022015,0,0,0.0,0,0,465.12920199462553,0,2,7.15
754.1517425621453,1087.9760173025113,0,0,0.0,0,0,634.0157041447287,0,3,4.1
960.1329413628448,1171.211956257261,1,1,709.7835036448448,0,2,318.2502442388869,0,1,9.816666666666666
1799.350855615441,2186.185330022015,0,0,0.0,0,0,465.12920199462553,0,1,5.516666666666667
689.6921072820695,1154.1952308213035,0,0,0.0,0,0,370.00094333659047,0,9,7.375000000000001
1149.9808674801495,1562.107749330905,0,0,0.0,0,0,498.5673319398467,0,1,4.366666666666666
1922.7216259095485,2020.826954957868,0,0,0.0,0,0,589.1523486860706,0,0,8.85
3073.2498839711643,3332.478566050454,1,2,974.8760264943768,2,1,723.3462594823641,1,8,19.133333333333333
1695.4444074353046,1910.571330216365,1,0,974.8760264943768,0,0,369.7792916682056,0,1,11.483333333333333
880.9866927641496,1140.3455990090497,0,0,0.0,0,0,406.11844839295406,0,1,3.75
1115.8344516316747,1372.2599430716823,1,0,0.0,2,0,536.972271480847,1,4,9.466666666666669
1204.5931143845496,1694.6012392667876,0,0,0.0,0,0,569.65732096163,0,2,4.866666666666666
982.2404050092496,1426.856632103005,0,0,0.0,0,0,417.6932337306266,0,3,3.733333333333333
32.8799937397,398.0742660762058,1,0,0.0,1,1,148.91393651006126,1,2,17.566666666666666
640.6824052571243,807.0364666400206,1,3,0.0,3,1,407.7353656701554,2,7,7.7
596.458889791312,1132.5227064484964,0,0,0.0,0,0,155.24627887252203,0,1,2.7
2548.003767500846,2756.56056083503,0,0,1019.764459621634,0,0,628.7326433031648,0,3,7.633333333333334
2830.5556440484934,2986.042278002118,1,0,1014.0460966443912,0,0,693.8927181979645,0,0,13.083333333333334
323.56366077347406,2711.70399847746,1,1,575.4407558091866,0,1,965.0834319797916,0,1,13.641666666666666
1115.834451631675,1335.6953752656184,0,0,608.7054608738868,0,0,362.0603377229582,0,1,2.7
2120.077299600937,2216.7522479329414,1,3,0.0,4,3,596.8347288450386,3,9,16.35
673.2305530753454,908.859062867806,0,0,0.0,0,0,335.68176226528976,0,3,3.533333333333333
1149.9808674801495,1562.107749330905,0,0,0.0,0,0,498.5673319398467,0,0,3.633333333333333
2263.897307164634,2575.5061204938847,1,0,1314.2736708799266,2,0,541.8115528796588,1,2,10.3
2187.723372138068,2854.372089351195,1,5,793.0457372249411,1,4,655.6742068836676,2,7,11.766666666666667
68.765499064,240.8694649771,0,0,0.0,0,0,178.94929194849342,0,1,20.183333333333337
2263.897307164634,2403.2104956969342,1,2,1626.487206640078,2,2,291.9838906652835,3,5,13.883333333333333
1135.0914086275254,1392.678736034084,0,0,806.5635632358426,0,0,348.2961698552379,0,0,3.616666666666666
689.1576152768898,1018.3858266475196,0,0,0.0,0,0,294.90902838032105,0,2,2.15
1531.4144499646616,1953.6018404793108,0,0,0.0,0,0,425.80419549848216,0,1,4.0
1899.151731445472,2101.566179292772,1,1,776.2808037692365,1,1,360.551092683368,0,2,8.666666666666666
1802.855932826904,2020.7583575141653,1,2,974.8760264943768,1,1,372.693491328054,0,3,12.533333333333331
1916.627527888604,2503.3314096143936,1,0,974.8760264943768,0,0,640.5173116696169,0,0,9.883333333333333
2061.0568962084344,2185.924505453934,1,2,1626.487206640078,0,3,329.7189167486233,8,3,7.708333333333333
1732.2059073941014,2196.884715518782,0,0,0.0,0,0,749.0945674482138,0,0,4.866666666666666
2167.5936451208054,3583.2141652383875,0,0,974.8760264943768,0,0,860.1508767544983,0,0,3.85
2119.7786276831343,2243.820432122034,1,2,1626.487206640078,1,2,333.65062714550584,0,4,12.916666666666666
1432.4322730624256,1675.9233300526332,0,0,608.7054608738868,0,0,472.3523604633423,0,1,4.15
501.6014944534419,977.7140965414824,1,2,0.0,1,2,492.0303137367612,1,3,7.133333333333333
888.6957926568633,1201.5086818950713,1,0,0.0,0,0,489.8174232323476,0,1,8.75
2662.894927599466,2705.557146557337,1,1,891.6137929142803,2,0,710.7160399759059,2,6,7.6
2303.268038602877,2714.36193158025,0,0,0.0,0,0,605.6061741067102,0,4,6.716666666666667
1155.2163342079543,1569.5051602107098,0,0,0.0,0,0,409.8254495716167,0,3,3.25
2566.487236772885,2931.930721538037,0,0,1622.751557518278,0,0,600.3023669493883,0,3,9.083333333333332
1279.181108417506,2056.605610115816,0,0,2178.773077303612,0,0,526.1907154245941,0,3,8.708333333333332
1165.5475705102426,1535.016638415898,0,0,806.5635632358426,0,0,304.03611308425127,0,2,3.2
2588.9821771852658,2639.446127180988,1,4,974.8760264943768,3,3,527.6006099773002,2,10,13.833333333333334
2282.0620775908137,2663.863676363388,0,0,0.0,0,0,664.7882086085392,0,0,6.366666666666666
1387.2043563481748,1637.2753101046906,1,2,891.6137929142803,3,0,365.8155411865867,1,6,17.266666666666666
962.7071595540424,1342.115950320098,0,0,806.5635632358426,0,0,291.923187961953,0,2,3.316666666666667
1259.2826178789749,1566.1152326581823,0,0,608.7054608738868,0,0,446.4360105154077,0,4,4.85
702.4001663165453,1086.0017769714434,1,1,0.0,1,0,394.9087025280588,0,3,6.633333333333334
2217.639811073834,2335.266613890834,1,0,1626.487206640078,1,1,337.07241280000983,0,3,15.966666666666669
2717.748215637521,2968.8023614605618,1,1,2136.7350662337813,2,7,385.4365572306649,6,4,3.2666666666666666
1108.4094680026374,2520.505861823728,1,0,565.1118910359618,0,3,520.7297182971483,3,1,7.141666666666667
1860.522210945004,2101.9853682725657,1,2,1499.075981603548,2,2,373.60336202861134,3,5,11.25
1115.834451631675,1389.6529097128823,0,0,608.7054608738868,0,0,360.97157655861815,0,2,7.633333333333334
1199.6034488994912,1497.3758356792002,1,1,1014.0460966443912,2,0,221.1390286229121,0,6,4.683333333333334
754.1517425621454,1038.2530798994112,1,1,0.0,1,1,678.7755880401189,1,2,5.733333333333333
1732.2059073941014,2133.0934949566818,0,0,0.0,0,0,658.5494951636111,0,4,23.5
3015.17550945843,3224.8550376107214,1,0,1826.6017585018524,2,1,624.646184342762,2,4,14.1
2027.1474836812408,2169.070847924641,1,0,1014.0460966443912,3,0,454.22207728212777,2,4,12.616666666666667
835.3699776830456,1200.3440859585544,0,0,0.0,0,0,354.9383579654576,0,3,2.7333333333333334
2158.395226018234,3076.850733927581,0,0,1314.2736708799266,0,0,583.5929638656055,0,7,6.325
1270.9966456008324,1589.282396221374,1,0,0.0,2,0,609.5447100009227,0,3,8.7
1404.84563736208,1580.631359288194,1,0,746.9421803053973,1,0,509.17882662421147,0,2,9.816666666666666
1165.5475705102426,1644.8203073467928,0,0,886.4465447797426,0,0,429.560305554626,0,2,5.9
2073.227103424382,2338.084259743016,1,0,974.8760264943768,0,0,610.8831690381818,0,0,12.783333333333331
1457.912337100255,1661.993240463527,1,1,1097.475619629873,1,1,245.93240505088016,1,3,9.333333333333334
1860.522210945004,2101.9853682725657,1,3,1499.075981603548,0,3,373.60336202861134,0,4,12.216666666666669
2470.478606415021,2690.1931720337457,1,0,1014.0460966443912,0,0,454.1597619373808,0,0,15.883333333333333
1619.3984789831293,2041.8624012393093,0,0,0.0,0,0,416.8343700842124,0,0,6.216666666666667
2481.600236284563,2907.499228446344,0,0,1019.764459621634,0,0,591.2590236092212,0,1,5.733333333333333
409.9585089122,698.8401451585265,0,0,0.0,0,0,182.8773303081996,0,2,3.1
2306.981690015363,2727.070885480444,0,0,1019.764459621634,0,0,586.8528124175778,0,9,7.4
1387.2043563481748,1661.6606122518906,1,0,891.6137929142803,1,0,315.9675899809486,1,2,9.283333333333331
1306.2831668613749,1502.202209442289,1,1,746.9421803053973,1,1,348.62867221320204,2,3,10.8
2085.2787999111365,2221.837855870405,0,0,608.7054608738868,0,0,613.2795616017551,0,4,6.983333333333333
1808.0628610566653,2115.419686028482,0,0,0.0,0,0,550.7526507100295,0,1,5.766666666666667
1121.2900313181765,1317.6314790514905,1,1,891.6137929142803,1,0,234.81539225330965,1,3,3.7
1717.7083038856506,2065.156842566705,0,0,608.7054608738868,0,0,593.335696478511,0,2,8.9
982.2404050092496,1372.8877646938051,0,0,0.0,0,0,418.7819959631034,0,1,3.05
144.46363291776407,284.5076847822606,0,0,0.0,0,0,198.6283544616301,0,1,0.5333333333333333
1093.8755505365496,1516.676330847005,0,0,0.0,0,0,420.2504188558632,0,0,4.366666666666666
1699.7982919307617,2014.4785294102164,1,1,0.0,1,1,523.666538050557,1,3,8.666666666666666
3090.2162249322314,3441.4424186277765,1,4,1743.1865729575538,2,3,627.4270959044217,0,9,9.5
101.2537122451,653.5672805453642,0,0,0.0,0,0,183.3432998362418,0,1,1.4666666666666666
1560.37792694336,1840.8635801305657,1,0,1076.5083780047717,0,0,276.9446033246795,1,0,10.0
1955.257048389072,2359.290328402554,1,4,776.2808037692365,2,3,508.2164742606393,2,7,13.033333333333331
1896.6144178376007,2148.291904043169,0,0,608.7054608738868,0,0,479.3612799078013,0,3,3.866666666666666
877.6114333714697,1240.683559912765,0,0,0.0,0,0,386.50757843283975,0,2,3.566666666666667
67.0600356199,277.0550483035229,0,0,0.0,0,0,89.54811058214987,0,2,0.75
2214.41423070973,2544.350634179516,1,0,974.8760264943768,0,0,541.8222932607872,0,0,12.65
2302.942851038941,2538.4097944006235,1,1,1014.0460966443912,0,2,607.4530497483003,0,2,14.5
51.7515762456,243.0700466296,0,0,0.0,0,0,331.254533761787,0,0,1.0666666666666669
2080.590141663641,2216.6963198276408,1,1,1014.0460966443912,1,0,456.57772474977367,2,3,10.183333333333334
1376.239006972579,2112.233719808776,0,0,0.0,0,0,453.3980175778448,0,2,4.475
2282.3974224011304,2464.566630763516,1,0,974.8760264943768,0,1,397.606850216909,1,1,8.783333333333333
1432.4322730624256,1675.9233300526332,0,0,608.7054608738868,0,0,472.3523604633423,0,1,5.85
2065.484886848455,2538.509146013516,1,2,974.8760264943768,2,4,439.6699319399724,5,7,22.95
2338.066538292677,2600.777843840887,0,0,0.0,0,0,557.069852851473,0,6,5.8
3090.2162249322314,3228.476640637454,1,8,974.8760264943768,2,9,721.6814198772081,2,12,17.466666666666665
1645.1860450263616,2022.5939916035109,0,0,0.0,0,0,506.3518517227057,0,0,6.316666666666666
2214.41423070973,2590.976704368966,1,3,974.8760264943768,2,2,612.7436260502349,0,6,11.533333333333331
1068.6878774112429,1447.395382071298,0,0,806.5635632358426,0,0,298.9574141626649,0,2,3.9166666666666665
1521.7484064428927,1822.437286497854,1,1,974.8760264943768,1,1,362.5386674292672,0,3,12.816666666666666
1589.0807280827617,1836.5536209904333,0,0,0.0,0,0,374.2596359447903,0,4,5.7
1404.84563736208,1580.631359288194,1,1,746.9421803053973,3,0,509.17882662421147,2,5,8.6
1227.4695971589747,1484.2354885048826,1,1,0.0,0,1,537.7061732892394,0,1,9.483333333333333
1645.1860450263616,2022.5939916035109,0,0,0.0,0,0,506.3518517227057,0,1,5.916666666666667
1268.6103708641576,1548.499650582536,1,1,793.0457372249411,2,0,245.13887230636067,0,6,8.233333333333333
1695.4444074353046,1910.571330216365,1,0,974.8760264943768,0,0,369.7792916682056,2,1,12.233333333333333
1572.392429811169,1797.0096818009358,1,0,793.0457372249411,1,0,337.4164691188425,1,2,8.9
1645.1860450263616,1881.9850394743328,0,0,0.0,0,0,452.57654902877385,0,3,5.666666666666667
1122.6356493447372,1571.002193249593,0,0,886.4465447797426,0,0,318.9161398571779,0,1,13.15
1655.9808281444225,1893.6378776833249,0,0,0.0,0,0,676.7532877848566,0,2,5.8
1018.8546728375449,1229.1078829253609,1,0,709.7835036448448,1,0,322.18195463576944,0,2,8.383333333333333
1645.1860450263616,2022.5939916035109,0,0,0.0,0,0,506.3518517227057,0,5,6.05
1121.2900313181765,1594.678909379088,1,2,0.0,1,2,475.1191539752152,0,3,2.716666666666667
2214.41423070973,2478.401922081966,1,2,974.8760264943768,0,1,497.1534248444439,0,3,7.15
1460.7572842838688,1685.0341363677355,1,0,793.0457372249411,1,0,336.68256731045005,0,1,9.016666666666667
1141.1579492608373,3129.890040775628,1,1,687.1711787592772,0,3,581.3999328526493,0,1,13.741666666666667
967.4341651661426,1211.4865459855428,0,0,806.5635632358426,0,0,296.8339954782726,0,9,4.85
2123.145110445114,2347.7556283205104,1,1,0.0,0,2,551.1559137595523,0,3,17.683333333333334
2373.385221231646,2621.75204243503,0,0,1019.764459621634,0,0,626.7402014568705,0,4,8.75
1802.855932826904,2020.7583575141653,1,1,974.8760264943768,2,0,372.693491328054,0,4,8.6
2101.1901139045226,2710.6235932579475,0,0,974.8760264943768,0,0,572.5812395756112,0,1,3.325
1036.2092724184497,1493.115598206705,0,0,0.0,0,0,418.0196757156232,0,2,3.25
1036.2092724184497,1493.115598206705,0,0,0.0,0,0,418.0196757156232,0,3,8.75
1373.6163701686062,2363.682406060984,0,0,1623.459131218075,0,0,827.4894402721766,0,2,10.93888888888889
1695.4444074353046,1910.571330216365,1,2,974.8760264943768,1,1,369.7792916682056,0,4,9.866666666666667
1102.6128036347325,1387.7967551612912,0,0,0.0,0,0,457.907064754916,0,2,3.2666666666666666
2610.422852049466,2765.647601866988,1,1,974.8760264943768,5,2,526.6006099773002,1,10,14.466666666666669
2610.422852049466,2765.647601866988,1,4,974.8760264943768,1,5,526.6006099773002,0,7,14.016666666666667
2214.41423070973,2502.484837118216,1,0,974.8760264943768,3,0,704.6626190189515,1,3,13.283333333333331
101.2537122451,494.1071009732556,0,0,0.0,0,0,185.4676148091976,0,4,0.95
84.61933854019948,257.58727429411374,1,2,0.0,2,0,73.29215309350651,0,5,0.6833333333333333
1133.5269066354542,1572.1136315807098,0,0,0.0,0,0,413.63949469797615,0,2,11.016666666666666
1786.8569000446014,2203.3774340907817,0,0,0.0,0,0,657.0036888256802,0,2,6.633333333333334
1125.6885712565495,1603.318955048305,0,0,0.0,0,0,503.15766768741616,0,0,4.266666666666667
2548.003767500846,2756.56056083503,0,0,1019.764459621634,0,0,628.7326433031648,0,6,7.35
1338.187161006975,1615.197477051183,1,0,524.1999551091711,0,1,618.183634064964,0,0,13.9
2350.76091767168,2587.904346147965,1,1,974.8760264943768,2,0,611.4934805280351,0,3,19.05
1066.1136592200448,1276.491388008461,1,1,709.7835036448448,0,0,325.28447043959886,0,1,7.533333333333333
634.833813686893,955.5860495400456,0,0,0.0,0,0,313.46135888371504,0,1,2.6
68.765499064,240.8694649771,0,0,0.0,0,0,178.94929194849342,0,3,0.0
1135.0914086275254,1342.076539025884,0,0,806.5635632358426,0,0,338.8448032019577,0,1,2.9166666666666665
1155.2163342079543,1569.5051602107098,0,0,0.0,0,0,409.8254495716167,0,3,4.116666666666666
1785.097322290547,2064.9215939913865,1,1,793.0457372249411,0,1,575.4307972127804,0,1,8.133333333333333
673.9318401853506,927.0167752438076,0,0,0.0,0,0,357.3013934603465,0,4,2.583333333333333
928.7977470268496,1397.5504333857104,0,0,575.4407558091866,0,0,345.5084586632261,0,10,3.1333333333333333
928.7977470268496,1378.7049507732052,0,0,0.0,0,0,418.0502534225705,0,1,3.083333333333333
1681.0162830631014,2094.787004454282,0,0,0.0,0,0,654.8406734200771,0,3,6.133333333333334
821.5052772507211,1131.8094060268795,0,0,0.0,0,0,449.0731132958118,0,2,3.983333333333333
1802.855932826904,2020.7583575141653,1,2,974.8760264943768,4,3,372.693491328054,1,7,18.416666666666668
1149.9808674801495,1774.4004799567876,0,0,0.0,0,0,567.9158004331346,0,3,4.183333333333334
721.1908265678505,977.7434909526075,0,0,0.0,0,0,360.11360857352383,0,3,2.6666666666666665
3260.3181412686645,3455.8178121061505,1,2,2008.432047771288,4,3,659.496820626834,3,12,17.433333333333334
1734.0739279357713,1910.152141236572,1,2,776.2808037692365,2,1,356.72702232296217,1,10,8.1
1018.8546728375449,1229.1078829253609,1,1,709.7835036448448,0,0,322.18195463576944,1,2,8.016666666666667
2192.225287190941,2328.671865260841,1,1,1014.0460966443912,0,1,457.31162655816615,1,1,11.316666666666666
1387.2043563481748,1661.6606122518906,1,0,891.6137929142803,3,0,315.9675899809486,2,6,9.166666666666666
634.833813686893,955.5860495400456,0,0,0.0,0,0,313.46135888371504,0,2,2.1
1477.4455825554617,1887.3428743756108,0,0,0.0,0,0,425.4777535134856,0,2,5.633333333333334
615.3726354135454,877.896770877306,0,0,0.0,0,0,335.5411237457244,0,3,2.75
1149.9808674801495,1562.107749330905,0,0,0.0,0,0,498.5673319398467,0,3,4.116666666666666
391.993409356956,775.3589178954076,0,0,0.0,0,0,151.1962873788096,0,1,2.1166666666666667
859.2340005447448,1089.1633171382646,1,0,565.1118910359618,0,0,277.14094444992975,1,2,8.033333333333333
210.3974514614948,2700.184490567871,1,1,1619.844721191579,1,0,468.9910849263657,1,2,3.477777777777778
1093.8755505365496,1516.676330847005,0,0,0.0,0,0,420.2504188558632,0,1,3.783333333333333
928.7977470268496,1397.5504333857104,0,0,575.4407558091866,0,0,345.5084586632261,0,7,4.15
101.2537122451,653.5672805453642,0,0,0.0,0,0,183.3432998362418,0,6,2.033333333333333
1149.9808674801495,1562.107749330905,0,0,0.0,0,0,498.5673319398467,0,2,2.7333333333333334
1021.5741818237424,1533.9801129674927,0,0,886.4465447797426,0,0,344.89617729007773,0,2,4.533333333333333
1068.6878774112429,1497.997579079498,0,0,806.5635632358426,0,0,308.40878081594514,0,0,3.583333333333333
2109.421858978152,2310.588936195176,0,0,522.0348638206866,0,0,397.6453560392712,0,2,7.216666666666667
2711.709217451633,3706.641172173795,1,0,1300.6816165672274,2,0,553.0810713157507,1,7,14.666666666666666
258.44329749274425,454.0021165780976,0,0,0.0,0,0,182.2243337433984,0,2,1.5166666666666666
64.2533580586,408.8092441268556,0,0,0.0,0,0,146.95582339080568,0,7,1.1666666666666667
1799.350855615441,2186.185330022015,0,0,0.0,0,0,465.12920199462553,0,4,8.383333333333333
1695.4444074353046,1910.571330216365,1,0,974.8760264943768,0,0,369.7792916682056,0,0,9.466666666666669
409.9585089122,598.6048240396265,0,0,0.0,0,0,132.12460484091602,0,2,1.45
1581.3616169237007,1832.117257591333,0,0,608.7054608738868,0,0,519.8715931034922,0,2,7.0
2263.897307164634,2488.628862480629,1,0,1857.610014066734,1,0,467.3560343412963,1,2,9.0
2065.484886848455,2298.436089868316,1,0,974.8760264943768,2,0,482.4269608080989,1,3,14.333333333333334
2263.897307164634,2565.0573012944847,1,2,1314.2736708799266,1,2,509.3938619012709,3,4,16.8
1204.5931143845496,1615.825298673305,0,0,0.0,0,0,499.9933585472205,0,1,4.8
1036.2092724184497,1850.992944614288,0,0,0.0,0,0,651.7903814700895,0,8,9.533333333333331
2282.0620775908137,2663.863676363388,0,0,0.0,0,0,664.7882086085392,0,2,7.4
1248.26272249668,1444.3746220088906,1,3,891.6137929142803,0,3,353.7026160642884,0,5,13.4
2167.5936451208054,2568.3043960260334,0,0,974.8760264943768,0,0,448.9315996177656,0,1,5.633333333333333
113.7569063428,2712.4716558695923,1,0,1553.50574354124,0,0,640.382722789881,4,0,4.927777777777777
1180.4935670065372,1601.964485240093,0,0,886.4465447797426,0,0,319.0567783767432,0,5,3.5166666666666666
1068.6878774112429,1497.997579079498,0,0,806.5635632358426,0,0,308.40878081594514,0,8,3.583333333333333
1604.2054505311687,1823.730241098836,1,6,1317.2456923341124,1,4,323.1675435793452,0,11,11.516666666666667
1935.6975425773912,2319.4596587629653,0,0,0.0,0,0,546.6764890744118,0,4,7.683333333333334
1786.0914170861324,2052.31504920254,1,0,974.8760264943768,4,0,345.7764262014227,1,4,7.983333333333333
2248.3306041345413,2618.209035090624,1,0,1014.0460966443912,0,0,605.7115292198049,1,0,7.583333333333333
1785.097322290547,2064.9215939913865,1,0,793.0457372249411,1,0,575.4307972127804,0,1,10.1
1514.7261516930687,1747.5956917625356,1,0,793.0457372249411,3,0,337.2411195026525,1,4,9.933333333333334
101.2537122451,653.5672805453642,0,0,0.0,0,0,183.3432998362418,0,1,1.8166666666666669
2481.600236284563,3227.536502265352,0,0,697.2486066485341,0,0,796.5438302400884,0,8,11.033333333333331
1655.9808281444225,1893.6378776833249,0,0,0.0,0,0,676.7532877848566,0,3,4.583333333333333
265.83982943070004,510.8590489944265,0,0,0.0,0,0,133.68505745943253,0,1,1.933333333333333
2709.89710009803,2987.5147116998214,1,4,1561.3562836881183,3,3,585.3761229239255,1,10,11.9
1068.6878774112429,1426.845606301198,0,0,806.5635632358426,0,0,213.68309748930508,0,4,2.45
928.7977470268496,1378.7049507732052,0,0,0.0,0,0,418.0502534225705,0,0,2.783333333333333
2246.351203508013,2425.168745973733,0,0,0.0,0,0,682.1713719905952,0,2,7.066666666666666
1119.2900744194426,1710.0111796447486,0,0,575.4407558091866,0,0,557.9171731796462,0,2,3.633333333333333
1250.3069235806502,1575.8510218282272,0,0,612.4411099956866,0,0,290.6531465861019,0,6,6.283333333333333
2697.1254526851026,3328.6137353050244,1,3,974.8760264943768,8,3,726.7033497339064,5,18,17.066666666666666
64.2533580586,408.8092441268556,0,0,0.0,0,0,146.95582339080568,0,2,0.75
1817.4735601200728,1986.7170965665407,1,2,0.0,2,0,595.674082974866,2,4,5.383333333333334
673.9318401853506,913.9314040862112,0,0,0.0,0,0,505.4241079688833,0,5,3.0
1799.350855615441,2186.185330022015,0,0,0.0,0,0,465.12920199462553,0,2,7.033333333333333
1541.1507332234123,1828.7167921806044,0,0,575.4407558091866,0,0,621.2397075915139,0,1,3.983333333333333
2065.484886848455,2352.385818224416,1,0,974.8760264943768,3,0,490.22804683836335,1,3,10.983333333333333
2009.4218462485728,2303.302885360705,0,0,608.7054608738868,0,0,724.6190563768589,0,1,7.566666666666666
2155.489440347914,2563.059315217404,0,0,0.0,0,0,617.7344843184421,0,8,8.016666666666667
1021.5741818237424,1699.9488706792397,0,0,575.4407558091866,0,0,579.5081525447341,0,0,12.15
1185.6936056357254,1432.396711802384,0,0,806.5635632358426,0,0,347.9769000045638,0,7,4.8
1786.0914170861324,2150.9568758325,1,0,974.8760264943768,0,0,385.3761827861175,0,0,10.65
1572.392429811169,1828.822702520936,1,3,1317.2456923341124,4,4,338.15099020320986,2,8,11.416666666666666
1839.3418662265265,3594.9059555106505,1,1,2112.338805088288,1,2,663.4642091714668,3,6,17.45
101.2537122451,653.5672805453642,0,0,0.0,0,0,183.3432998362418,0,3,1.4333333333333331
1916.627527888604,2503.3314096143936,1,3,974.8760264943768,1,5,640.5173116696169,3,9,20.316666666666663
1699.7982919307617,2155.087481539393,0,0,0.0,0,0,577.441840744489,0,3,5.466666666666667
377.9768766550222,755.049885543893,0,0,0.0,0,0,269.9485628144621,0,1,2.3
1387.2043563481748,1661.6606122518906,1,2,891.6137929142803,5,2,315.9675899809486,1,8,8.466666666666667
1140.3397563259496,1862.4391058650183,0,0,0.0,0,0,425.06475495494107,0,2,4.116666666666666
101.2537122451,494.1071009732556,0,0,0.0,0,0,185.4676148091976,0,2,0.8666666666666667
1531.4144499646616,1953.6018404793108,0,0,0.0,0,0,425.80419549848216,0,0,4.716666666666667
721.1908265678506,927.1526269063436,1,0,0.0,0,0,350.6622408521069,0,0,7.333333333333333
1133.5269066354542,1572.1136315807098,0,0,0.0,0,0,413.63949469797615,0,4,11.575
1093.8755505365496,1516.676330847005,0,0,0.0,0,0,420.2504188558632,0,10,4.133333333333334
1853.4514826888287,2329.1335519067748,1,1,1314.2736708799266,1,2,456.05523491768326,2,5,7.375
1408.3969938789123,1707.307337231318,0,0,575.4407558091866,0,0,627.82451958097,0,2,3.9166666666666665
1029.1106907703254,1236.797107274684,0,0,806.5635632358426,0,0,331.81057700124575,0,2,2.8
1270.9966456008326,1510.5064556278912,0,0,0.0,0,0,539.8807475865133,0,1,5.4
1250.3069235806502,1697.6144913448993,0,0,0.0,0,0,416.970244039378,0,0,4.833333333333333
2662.894927599466,2765.7282497675883,1,6,974.8760264943768,4,7,618.8903016631831,0,16,18.933333333333337
1387.2043563481748,1574.227644790189,1,0,746.9421803053973,3,0,456.259889787929,0,3,10.766666666666667
473.2733160104722,532.3665055295,0,0,0.0,0,0,100.84793137670786,0,0,2.466666666666667
1403.8841420598933,1817.131202328509,1,0,0.0,3,2,686.3319951645424,1,3,3.944444444444444
689.1576152768898,1018.3858266475196,0,0,0.0,0,0,294.90902838032105,0,0,2.066666666666667
113.7569063428,2089.970229015845,1,1,806.5635632358426,1,0,630.3081213769876,3,2,20.55
1204.5931143845496,1615.825298673305,0,0,0.0,0,0,499.9933585472205,0,0,4.433333333333334
1149.9808674801495,1562.107749330905,0,0,0.0,0,0,498.5673319398467,0,3,3.783333333333333
2114.1783243175687,2285.0430174127687,1,1,1014.0460966443912,2,0,419.0298063160169,0,3,9.066666666666666
232.74939797854995,396.20155040065,0,0,0.0,0,0,129.56207981423012,0,4,3.094444444444445
1786.8569000446014,2203.3774340907817,0,0,0.0,0,0,657.0036888256802,0,7,5.65
2064.0728388990733,2706.1123084512774,1,0,0.0,0,0,716.6287483210131,0,1,13.6
1442.1724586837342,1783.8936469609537,1,1,793.0457372249411,0,1,312.3085688322256,0,3,5.35
819.3775864043242,1063.3148822075011,0,0,0.0,0,0,320.7514497513053,0,0,2.9
1165.5475705102426,1535.016638415898,0,0,806.5635632358426,0,0,304.03611308425127,0,2,3.15
1160.2790817528326,1411.357487801591,0,0,0.0,0,0,460.137807895156,0,0,2.833333333333333
2350.76091767168,2925.890861895974,0,0,1023.122601171145,0,0,573.12338090403,0,3,16.216666666666665
1404.84563736208,1593.7167304457903,1,1,891.6137929142803,1,1,361.0561121156748,0,3,9.816666666666666
1730.3022398175694,2057.056312712584,1,1,974.8760264943768,0,1,347.76094065762703,0,3,5.633333333333334
1924.5662553283648,2076.3479072027644,1,0,1388.721913764923,0,0,239.5773578408442,0,0,9.8
1306.2831668613749,1502.202209442289,1,1,746.9421803053973,0,0,348.62867221320204,0,3,10.633333333333333
1799.350855615441,2186.185330022015,0,0,0.0,0,0,465.12920199462553,0,0,5.85
654.2997828946243,925.3435021337016,0,0,0.0,0,0,318.55128431801256,0,2,3.716666666666667
755.1017460344381,1237.1282490722936,0,0,0.0,0,0,409.1857242565191,0,1,2.7333333333333334
2119.923918478134,2273.999736360329,1,0,1857.610014066734,0,0,263.1906834527226,0,1,5.516666666666667
1233.6186253090575,1549.2746207462244,0,0,804.7938166378009,0,0,327.0862956038658,0,2,4.333333333333333
1354.24344035388,1549.6540537600906,1,1,891.6137929142803,0,0,360.7368422650002,0,5,9.683333333333334
1958.2322219175733,2201.216507258141,1,0,0.0,1,0,717.3675832436661,0,1,10.85
1149.9808674801495,1562.107749330905,0,0,0.0,0,0,498.5673319398467,0,4,3.866666666666666
1030.9735287238866,1261.837937490254,1,1,0.0,2,1,438.0266590746391,3,10,11.066666666666666
2214.41423070973,2544.350634179516,1,0,974.8760264943768,1,0,541.8222932607872,0,2,15.05
2705.637625279805,3632.168180180952,1,3,2008.432047771288,2,6,667.8239048879939,1,9,15.25
71.9216445924,196.1749346646,1,0,0.0,1,0,105.29272134498532,0,1,0.4166666666666667
2527.220060850463,2903.237250523344,0,0,1019.764459621634,0,0,595.2223936515115,0,5,7.016666666666667
1233.6186253090575,1514.2828751911245,1,1,793.0457372249411,0,1,289.5277190619508,0,1,8.966666666666667
1354.24344035388,1549.6540537600906,1,1,891.6137929142803,0,1,360.7368422650002,0,2,8.516666666666667
1099.0745752143396,1388.497946500261,1,0,709.7835036448448,1,0,280.5152181555472,1,3,11.55
754.1517425621454,1062.6383820466112,1,1,0.0,2,1,628.9276368344808,1,6,9.283333333333331
1099.0745752143396,1519.4576850385608,1,3,565.1118910359618,0,1,675.9871116521857,0,4,10.7
391.993409356956,560.3981427279128,1,1,0.0,1,1,245.35038070845897,0,2,4.9
2350.76091767168,2587.904346147965,1,0,974.8760264943768,0,0,611.4934805280351,2,0,15.0
2263.897307164634,2575.5061204938847,1,2,1314.2736708799266,3,1,541.8115528796588,1,6,11.633333333333333
1755.3554635274445,3588.3956804275504,1,3,2008.432047771288,2,6,662.2927395368404,1,7,5.25
1971.2397747930045,2423.5321689243938,1,1,974.8760264943768,2,1,642.2588321981123,1,3,9.666666666666666
2350.76091767168,2587.904346147965,1,1,974.8760264943768,0,0,611.4934805280351,0,1,16.466666666666665
1628.497746754769,2230.1687438627646,1,2,793.0457372249411,1,1,605.0649398442156,1,5,9.2
1695.4444074353046,1910.571330216365,1,1,974.8760264943768,0,1,369.7792916682056,0,2,10.783333333333331
3260.3181412686645,3455.8178121061505,1,3,2008.432047771288,2,7,659.496820626834,0,15,16.95
172.04186694519998,332.4714689434,1,0,0.0,1,0,158.95972418331692,0,1,0.2
2192.225287190941,2328.671865260841,1,3,1014.0460966443912,2,2,457.31162655816615,0,5,14.333333333333334
344.73442297445604,2738.431909680992,1,0,1553.50574354124,0,3,676.7682924304052,1,1,4.066666666666666
1407.3146263014694,1637.4086644647357,1,0,793.0457372249411,0,0,334.32691984280416,0,1,9.266666666666667
3090.2162249322314,3383.0336950242504,1,1,1743.1865729575538,2,1,624.5005195063617,5,8,18.183333333333337
53.4426579824,225.4434996674,0,0,0.0,0,0,180.3570196919439,0,2,0.0833333333333333
1099.0745752143396,1301.0649790385594,1,0,565.1118910359618,0,0,420.8075179625277,2,0,2.7
2662.894927599466,2821.164735865288,1,5,974.8760264943768,1,6,620.9920460053894,1,9,14.866666666666667
2593.6235920667464,2797.91840747793,0,0,1019.764459621634,0,0,635.1097826908043,0,6,8.65
1819.029906175248,1931.478477064568,0,0,0.0,0,0,586.1761794659938,0,0,4.916666666666667
1717.7083038856506,2133.298034156606,0,0,608.7054608738868,0,0,942.3513059771694,0,3,7.6
2073.227103424382,2338.084259743016,1,2,974.8760264943768,2,2,610.8831690381818,2,4,10.733333333333333
955.3711559654654,3622.4574693838777,1,1,0.0,4,1,662.8439633227667,5,10,15.433333333333334
1036.2092724184497,1493.115598206705,0,0,0.0,0,0,418.0196757156232,0,1,3.75
504.4486470564723,701.7111704819722,0,0,0.0,0,0,343.9402949800612,0,0,1.45
673.2305530753454,908.859062867806,0,0,0.0,0,0,335.68176226528976,0,4,3.65
81.9778798001,302.3286908081,0,0,0.0,0,0,179.28478829448693,0,0,0.0
1165.5475705102426,1600.704697609298,0,0,806.5635632358426,0,0,401.7704709002252,0,3,3.633333333333333
44.9331147441,194.3981351628,0,0,0.0,0,0,180.33379218408723,0,1,0.15
441.0680369487224,729.0360582013027,0,0,0.0,0,0,154.20785340002,0,2,1.05
2315.6561063144136,2420.520570134733,0,0,0.0,0,0,680.1137338640701,0,2,8.016666666666667
3090.2162249322314,3228.476640637454,1,6,974.8760264943768,1,6,721.6814198772081,0,10,13.5
1916.627527888604,2503.3314096143936,1,6,974.8760264943768,2,11,640.5173116696169,2,12,4.658333333333333
1802.855932826904,2020.7583575141653,1,0,974.8760264943768,0,0,372.693491328054,0,1,10.533333333333331
2064.072838899073,2309.795603932705,0,0,608.7054608738868,0,0,719.530599717406,0,2,7.633333333333334
1676.586903892866,2069.639572358016,0,0,0.0,0,0,546.0661775845584,0,1,6.533333333333333
1099.0745752143396,1388.497946500261,1,2,709.7835036448448,1,1,280.5152181555472,2,5,7.716666666666667
1231.9511017265256,1429.6977953704843,1,2,612.4411099956866,0,2,343.92350212354404,0,2,9.2
1581.3616169237007,1832.117257591333,0,0,608.7054608738868,0,0,519.8715931034922,0,0,5.766666666666667
1462.8306689485266,1828.058555069878,0,0,1551.5780047368778,0,0,185.55685557052564,0,8,7.283333333333333
1250.3069235806502,1557.9587523752375,0,0,0.0,0,0,376.6606217491602,0,4,6.616666666666666
1036.2092724184497,1435.449320088605,0,0,0.0,0,0,419.3405481553058,0,1,3.1
1199.6034488994912,1497.3758356792002,1,2,1014.0460966443912,3,0,221.1390286229121,1,6,4.933333333333334
1066.1136592200448,1255.941612238361,1,0,709.7835036448448,1,0,240.010153766239,1,3,9.05
1021.4288910287426,1447.270863370698,0,0,806.5635632358426,0,0,305.5965657027678,0,8,3.85
1099.0745752143396,1375.4125753426645,1,4,565.1118910359618,2,3,428.6379326640839,1,6,10.333333333333334
2758.816175139035,3013.917398288268,0,0,1628.469920495521,0,0,653.7859345009467,0,2,6.366666666666666
409.9585089122,684.9036622107265,0,0,0.0,0,0,262.276653635278,0,1,2.083333333333333
2214.41423070973,2478.401922081966,1,1,974.8760264943768,1,0,497.1534248444439,1,2,11.266666666666667
1149.9808674801495,1562.107749330905,0,0,0.0,0,0,498.5673319398467,0,4,3.4
1581.3616169237007,1832.117257591333,0,0,608.7054608738868,0,0,519.8715931034922,0,0,5.933333333333334
39.5380210143,455.8216742748709,0,0,0.0,0,0,110.86333883999072,0,0,9.15
2214.41423070973,2544.350634179516,1,0,974.8760264943768,1,0,541.8222932607872,3,2,6.15
962.7071595540424,1342.115950320098,0,0,806.5635632358426,0,0,291.923187961953,0,4,3.85
1676.8187674017995,1904.6252714346656,0,0,1150.1577085007834,0,0,566.1762191789602,0,3,3.5166666666666666
1905.1558717533728,2165.143234678005,0,0,608.7054608738868,0,0,704.0208614890871,0,4,8.7
452.5412957490722,638.8479936955723,0,0,0.0,0,0,359.2419368867824,0,1,20.966666666666665
101.0614675209948,287.8034936232948,0,0,0.0,0,0,216.1759944574373,0,1,11.808333333333334
2229.384862546947,2473.06503609043,0,0,796.0465784219341,0,0,592.0837372133786,0,5,8.533333333333333
1474.747202007129,1884.529051413232,0,0,575.4407558091866,0,0,639.0688320666092,0,2,4.216666666666667
1372.1288697606294,1846.3846168999096,0,0,0.0,0,0,416.36403315071055,0,6,4.266666666666667
1786.8569000446014,2203.3774340907817,0,0,0.0,0,0,657.0036888256802,0,2,6.983333333333333
1036.2092724184497,1851.946157773804,0,0,0.0,0,0,578.2304697352981,0,12,9.033333333333331
2350.76091767168,2587.904346147965,1,1,974.8760264943768,0,0,611.4934805280351,0,2,17.05
888.6957926568634,1199.924526682171,0,0,608.7054608738868,0,0,352.4640670845106,0,1,3.683333333333333
2263.897307164634,2403.2104956969342,1,1,1626.487206640078,0,1,291.9838906652835,0,2,13.65
1404.84563736208,1593.7167304457903,1,2,891.6137929142803,1,0,361.0561121156748,0,4,8.883333333333333
1860.522210945004,2101.9853682725657,1,1,1499.075981603548,3,1,373.60336202861134,1,4,9.933333333333334
1926.2844495758952,2205.239256330337,1,2,793.0457372249411,2,1,461.70105301904255,0,5,6.116666666666666
1747.4198142793846,1989.468161408868,0,0,0.0,0,0,694.7280624593699,0,0,5.9
2596.3952914507345,1461.154637587617,0,0,1542.9887587273315,0,0,857.4854600010888,0,11,8.425
1259.2826178789749,1566.1152326581823,0,0,608.7054608738868,0,0,446.4360105154077,0,3,4.016666666666667
2998.0268812318645,3260.6773774514504,1,3,1743.1865729575538,3,3,620.828494749327,5,8,17.533333333333335
749.94424461265,1214.0840967324243,1,1,0.0,1,59,394.5467216699869,59,3,2.4833333333333334
2123.145110445114,2380.09995822331,1,1,0.0,2,2,610.8740984860116,0,4,11.566666666666666
1651.372662713865,1664.9884301696266,0,0,0.0,0,0,399.3329670358953,0,10,5.533333333333333
2080.590141663641,2235.5418024401465,1,1,1314.2736708799266,3,0,384.0359299904294,1,4,10.433333333333334
2830.5556440484934,2986.042278002118,1,2,1014.0460966443912,1,3,693.8927181979645,0,5,15.3
1785.097322290547,2064.9215939913865,1,1,793.0457372249411,0,1,575.4307972127804,0,2,8.5
313.0988158132,561.5857647032265,0,0,0.0,0,0,136.49727257260986,0,1,2.6
1330.5656690338883,1525.7285178587083,0,0,608.7054608738868,0,0,482.0196771685581,0,3,4.033333333333333
2350.76091767168,2587.904346147965,1,1,974.8760264943768,2,0,611.4934805280351,1,3,16.783333333333335
615.2101087106506,845.3523918036112,1,2,0.0,0,0,666.6626629178206,1,2,5.666666666666667
1628.497746754769,2230.1687438627646,1,1,793.0457372249411,1,0,605.0649398442156,0,4,9.366666666666667
1102.6128036347325,1745.6741015688735,0,0,0.0,0,0,691.6777705093823,0,5,6.666666666666667
1338.187161006975,1855.6316560131108,0,0,608.7054608738868,0,0,629.9591650216983,0,3,5.016666666666667
1966.6655198845483,2042.986801676084,0,0,0.0,0,0,426.3267430472375,0,6,5.45
1784.9554297614482,1883.233358582968,0,0,0.0,0,0,558.333994134531,0,14,8.183333333333334
2073.227103424382,2338.084259743016,1,8,974.8760264943768,0,6,610.8831690381818,0,11,9.75
1556.7401519979928,1821.6623163341656,1,1,974.8760264943768,3,0,280.59124413176204,2,7,6.916666666666667
1025.827225843211,1166.3567799219577,1,0,0.0,2,2,359.5278788908863,8,6,7.225
1619.3984789831293,2041.8624012393093,0,0,0.0,0,0,416.8343700842124,0,1,8.583333333333334
285.45956282693805,572.9239501710084,0,0,0.0,0,0,336.36597960883387,0,1,1.2333333333333334
1169.8033190408746,1398.2569306604182,1,0,0.0,0,0,362.6188899151607,0,0,8.3
2921.0951115217053,3534.012757931577,1,4,1743.1865729575538,1,5,714.4948864267044,0,10,16.6
1460.7572842838688,1685.0341363677355,1,0,793.0457372249411,1,0,336.68256731045005,0,1,9.866666666666667
50.6021970082,186.3666222423,0,0,0.0,0,0,180.3192698506745,0,0,0.0666666666666666
1457.9123371002545,1661.9932404635265,0,0,843.5639174223427,0,0,245.93240505088016,0,5,6.75
265.83982943070004,439.8315949167265,0,0,0.0,0,0,40.31731533508611,0,4,1.3833333333333333
1204.5931143845496,1749.2134861711877,0,0,0.0,0,0,567.4322541299725,0,4,4.433333333333334
1676.586903892866,2069.639572358016,0,0,0.0,0,0,546.0661775845584,0,3,7.45
1660.752748056455,1879.279230706527,1,0,1097.475619629873,1,0,208.1973789675404,1,4,10.15
1916.627527888604,2503.3314096143936,1,1,974.8760264943768,0,1,640.5173116696169,0,3,12.45
1457.9123371002545,1802.602192592704,0,0,843.5639174223427,0,0,299.707707744812,0,2,8.9
3303.305290592265,3476.2851184320507,1,3,2008.432047771288,4,3,570.2988890780183,5,9,10.433333333333334
1628.497746754769,2693.0816536980324,1,1,1305.3408825359538,1,1,736.4302597614063,0,4,8.716666666666667
673.2305530753455,916.265350394606,1,2,0.0,2,2,513.4660045581975,1,5,9.983333333333333
2566.487236772885,2931.9193885761006,0,0,1622.751557518278,0,0,600.302368017525,0,3,1.8333333333333333
1304.1456780692292,1725.6990877494095,0,0,0.0,0,0,457.34468221176655,0,1,5.0
1021.4288910287426,1447.270863370698,0,0,806.5635632358426,0,0,305.5965657027678,0,1,3.616666666666666
43.2246749033,183.4111021982,0,0,0.0,0,0,178.9988221116459,0,1,5.133333333333334
1560.4261393696063,1879.244569630276,0,0,1572.7851382099752,0,0,398.6377267545726,0,2,6.341666666666667
962.7071595540424,1342.115950320098,0,0,806.5635632358426,0,0,291.923187961953,0,5,2.55
1119.2900744194426,1537.715554847798,0,0,806.5635632358426,0,0,308.089510965271,0,2,3.7
676.6944680542865,1215.372807362698,0,0,806.5635632358426,0,0,154.50989283671743,0,4,2.7
383.351021309556,609.29582927669,0,0,0.0,0,0,193.15232700326828,0,3,1.1333333333333333
1935.6975425773912,2419.224914997388,0,0,0.0,0,0,538.5933053696442,0,2,7.883333333333334
1572.392429811169,1828.822702520936,1,0,1317.2456923341124,1,0,338.15099020320986,0,1,10.1
1093.8755505365496,1516.676330847005,0,0,0.0,0,0,420.2504188558632,0,6,4.133333333333334
1348.8117842044123,1673.413874018796,0,0,0.0,0,0,455.16503422415343,0,2,3.333333333333333
1695.4444074353046,1910.571330216365,1,3,974.8760264943768,2,4,369.7792916682056,4,9,12.016666666666667
3059.881417198356,3286.65911935488,1,3,1782.3566431075683,0,3,667.2471840727388,1,4,16.5
927.2883107690358,3747.04580565718,1,0,2047.6021179213024,0,0,633.0181224381818,2,1,13.95
1704.8683577939496,1873.9015820222269,1,5,1097.475619629873,2,3,345.8755337810786,0,9,5.183333333333334
101.2537122451,653.5672805453642,0,0,0.0,0,0,183.3432998362418,0,0,0.8833333333333333
1937.5002016561727,2187.317342327741,0,0,608.7054608738868,0,0,690.6159921833944,0,10,7.1
1745.7787405993065,1809.160176416506,0,0,765.553260440534,0,0,519.5987465963809,0,3,21.466666666666665
995.2012782431324,1273.386107727791,0,0,0.0,0,0,457.9376424618632,0,0,2.65
1842.8613607464647,2140.291601568282,0,0,0.0,0,0,549.285333068614,0,5,7.083333333333333
1116.7158562282448,1320.5540646941608,1,2,709.7835036448448,0,1,325.6037402902734,0,4,7.316666666666666
2580.04539468423,2739.486227961816,1,0,1630.2473763863536,2,0,409.0410754749194,0,2,6.933333333333334
1404.84563736208,1593.7167304457903,1,2,891.6137929142803,2,2,361.0561121156748,1,6,11.116666666666667
2027.1474836812408,2169.070847924641,1,2,1014.0460966443912,2,1,454.22207728212777,3,7,9.483333333333333
1087.832422245025,1341.952020325284,0,0,806.5635632358426,0,0,345.4839547420606,0,2,2.85
995.2012782431324,1273.386107727791,0,0,0.0,0,0,457.9376424618632,0,2,5.633333333333334
2062.631136537845,2414.506936630759,0,0,804.7938166378009,0,0,567.957924997866,0,0,7.0
1521.7484064428927,1682.958060896854,1,3,974.8760264943768,3,1,253.75937915830968,0,6,4.9
2753.129913386966,2755.771648464888,1,3,974.8760264943768,7,2,532.4089537727933,3,16,11.4
1233.6186253090575,1549.2746207462244,0,0,804.7938166378009,0,0,327.0862956038658,0,4,6.116666666666666
1799.350855615441,2046.529591052354,0,0,0.0,0,0,337.79398756590217,0,1,5.7
1802.855932826904,2020.7583575141653,1,2,974.8760264943768,2,2,372.693491328054,2,6,11.3
1899.151731445472,2069.753158572772,1,0,776.2808037692365,0,0,359.8165715990005,0,1,12.85
1283.574914102575,1474.9562568381184,0,0,608.7054608738868,0,0,355.12435878117606,0,2,3.1166666666666667
821.5052772507211,1131.8094060268795,0,0,0.0,0,0,449.0731132958118,0,0,3.633333333333333
2697.1254526851026,3328.6137353050244,1,0,974.8760264943768,1,1,726.7033497339064,0,2,12.933333333333334
2073.227103424382,2338.084259743016,1,3,974.8760264943768,1,3,610.8831690381818,1,5,13.033333333333331
1150.4392741467582,2230.113776641217,0,0,1619.844721191579,0,0,200.92877989633047,0,1,2.6416666666666666
2303.155054569768,2550.555268360259,1,1,793.0457372249411,0,1,691.989812831158,0,1,13.233333333333333
1133.5269066354542,1572.1136315807098,0,0,0.0,0,0,413.63949469797615,0,3,21.183333333333337
1681.0162830631014,2094.787004454282,0,0,0.0,0,0,654.8406734200771,0,1,5.233333333333333
1258.4316325382804,1384.8387512776803,1,3,746.9421803053973,2,3,435.88667353070497,0,7,12.216666666666669
1799.350855615441,2045.5763778928376,0,0,0.0,0,0,411.3538993006937,0,1,7.55
1021.5741818237424,1533.9801129674927,0,0,886.4465447797426,0,0,344.89617729007773,0,2,14.216666666666669
1699.7982919307617,2155.087481539393,0,0,0.0,0,0,577.441840744489,0,4,4.833333333333333
1048.6439362255326,1321.5377890575912,0,0,0.0,0,0,457.5806227699194,0,5,5.283333333333333
3015.17550945843,3270.1938610402217,1,2,1826.6017585018524,6,1,622.026920268716,3,11,10.883333333333333
1497.9616359522972,1877.7942100808705,1,0,793.0457372249411,2,0,349.9238109607161,0,2,6.266666666666667
995.2012782431324,1273.386107727791,0,0,0.0,0,0,457.9376424618632,0,10,4.85
1462.0511123930569,1706.6104419016265,0,0,0.0,0,0,367.4093508737876,0,6,4.633333333333334
2510.9714733779456,2707.34034860943,0,0,1019.764459621634,0,0,624.8828223684226,0,4,6.983333333333333
2584.1976288698347,2833.489055322368,0,0,1628.469920495521,0,0,649.3797233093034,0,3,7.749999999999999
1165.5475705102426,1635.2519595347978,0,0,806.5635632358426,0,0,354.7888385515349,0,3,4.05
2065.484886848455,2298.4360898683167,0,0,1023.122601171145,0,0,482.4269608080989,0,0,7.05
1935.6975425773912,2278.6159628682103,0,0,0.0,0,0,484.8180026757124,0,0,7.25
995.2012782431324,1184.4770938455913,0,0,0.0,0,0,368.12500388615774,0,0,2.7666666666666666
2350.76091767168,2578.167178316388,1,4,974.8760264943768,8,2,517.4518886756512,3,13,6.75
1093.8755505365496,1516.676330847005,0,0,0.0,0,0,420.2504188558632,0,3,3.25
2697.1254526851026,3328.6137353050244,1,0,974.8760264943768,1,1,726.7033497339064,0,2,13.322222222222225
1645.1860450263616,1881.9850394743328,0,0,0.0,0,0,452.57654902877385,0,2,4.7
819.3775864043242,1063.3148822075011,0,0,0.0,0,0,320.7514497513053,0,1,9.633333333333333
2662.894927599466,2855.9632355550884,1,3,974.8760264943768,4,4,619.0547335819759,6,9,20.966666666666665
2340.690670051832,2840.625837090995,1,9,793.0457372249411,2,8,721.5756319011524,1,16,16.216666666666665
864.5443889682495,1492.883783626552,0,0,0.0,0,0,289.14843465125296,0,4,3.55
596.458889791312,973.4445706887924,1,0,0.0,1,0,137.35251692516897,0,1,3.1
1442.1724586837342,1783.8936469609537,1,1,793.0457372249411,0,1,312.3085688322256,0,1,5.2
1802.855932826904,2020.7583575141653,1,6,974.8760264943768,4,6,372.693491328054,2,12,17.666666666666668
3303.305290592265,3543.3565267918507,1,1,2008.432047771288,1,2,657.4792920941175,1,3,14.9
1926.284449575895,2181.467351655386,0,0,804.7938166378009,0,0,494.49382162284735,0,1,6.2
1080.1280141015543,1237.3444401450545,0,0,0.0,0,0,391.3258344108938,0,5,4.016666666666667
1681.0162830631014,2094.787004454282,0,0,0.0,0,0,654.8406734200771,0,1,5.366666666666666
1717.7083038856506,2065.156842566705,0,0,608.7054608738868,0,0,593.335696478511,0,3,6.35
1125.6885712565495,1603.318955048305,0,0,0.0,0,0,503.15766768741616,0,3,4.166666666666667
2263.897307164634,2575.5061204938847,1,0,1314.2736708799266,2,0,541.8115528796588,1,5,10.1
615.2101087106505,808.7764910356111,0,0,0.0,0,0,491.7507302280685,0,1,2.3
2929.12046152203,3139.771250773621,1,2,1826.6017585018524,1,4,622.6404694155248,0,5,14.583333333333334
1185.6936056357256,1386.1392157115845,1,1,612.4411099956866,0,1,339.16407305263226,0,1,7.65
2697.1254526851026,3328.6137353050244,1,2,974.8760264943768,0,1,726.7033497339064,2,2,12.566666666666666
1116.7158562282448,1320.5540646941608,1,0,709.7835036448448,1,0,325.6037402902734,0,1,8.0
2224.038307910941,2379.684720782341,1,3,1014.0460966443912,0,2,472.2950731820305,1,4,9.483333333333333
2062.6311365378456,2314.7416803963365,1,0,793.0457372249411,2,0,576.0411087026337,0,4,14.766666666666667
833.79132584185,2540.734768487778,0,0,0.0,0,0,440.0028055107282,0,9,8.027777777777779
1531.4144499646616,1953.6018404793108,0,0,0.0,0,0,425.80419549848216,0,4,5.066666666666666
1062.3917936492749,1341.501228383083,0,0,608.7054608738868,0,0,361.328596250562,0,0,3.983333333333333
2253.566070862346,2413.313715344545,1,1,1014.0460966443912,2,0,447.621178358287,0,3,11.983333333333333
654.2997828946243,925.3435021337016,0,0,0.0,0,0,318.55128431801256,0,3,2.65
1784.9554297614482,3222.619812754834,0,0,1388.4448618589208,0,0,583.1752946516299,0,3,15.666666666666668
1700.1542994089652,1996.8783982089817,0,0,0.0,0,0,538.0767963539929,0,12,11.0
2133.5340335477367,2198.7340439636587,1,3,0.0,9,3,858.3799953129264,2,13,9.366666666666667
971.9559143598494,1543.437412732532,0,0,0.0,0,0,600.7038047140252,0,1,4.683333333333334
1068.6878774112429,1497.997579079498,0,0,806.5635632358426,0,0,308.40878081594514,0,2,3.8333333333333335
1460.7572842838688,1655.9111759741356,1,0,793.0457372249411,1,0,246.4800213555875,0,1,7.583333333333333
101.2537122451,494.1071009732556,0,0,0.0,0,0,185.4676148091976,0,2,0.6833333333333333
960.2954680657396,1144.2937705800591,1,3,565.1118910359618,4,2,221.74014558622275,3,9,5.916666666666667
1460.7572842838688,1685.0341363677355,1,0,793.0457372249411,2,0,336.68256731045005,0,2,10.6
1036.2092724184497,1493.115598206705,0,0,0.0,0,0,418.0196757156232,0,4,3.1166666666666667
1958.2322219175728,2201.2051742962053,0,0,608.7054608738868,0,0,717.3675843118027,0,3,8.416666666666666
1628.497746754769,2230.1687438627646,1,0,793.0457372249411,1,0,605.0649398442156,0,1,9.15
2527.220060850463,2903.237250523344,0,0,1019.764459621634,0,0,595.2223936515115,0,10,10.316666666666666
1160.2790817528326,1411.357487801591,0,0,0.0,0,0,460.137807895156,0,3,5.183333333333334
2697.1254526851026,3328.6137353050244,1,0,974.8760264943768,0,0,726.7033497339064,0,0,14.533333333333331
1097.2496260315402,1419.5102464302895,1,0,0.0,1,0,497.25005130100186,1,1,3.25
146.41400482379947,812.3557418843076,0,0,0.0,0,0,72.68981491632017,0,1,17.2
1785.097322290547,2064.9215939913865,1,2,793.0457372249411,1,2,575.4307972127804,0,5,9.85
447.7472515644912,641.7541078224176,0,0,0.0,0,0,224.1624552763783,0,1,1.45
1676.586903892866,2069.639572358016,0,0,0.0,0,0,546.0661775845584,0,0,7.666666666666667
1066.1136592200448,1263.4060168508645,1,1,565.1118910359618,2,1,473.4071849481355,3,5,8.933333333333334
559.458535604812,869.2954863994613,0,0,0.0,0,0,154.74034317366466,0,6,3.15
2753.129913386966,2873.3281512004883,1,2,974.8760264943768,2,2,608.2561965924536,3,5,17.616666666666667
2642.4744600346025,2871.1646525258884,1,1,974.8760264943768,6,2,728.6985006477767,2,8,16.866666666666667
2591.2848357036023,2823.717934111888,1,1,974.8760264943768,3,1,727.4421846565594,2,4,15.4
2929.12046152203,3139.771250773621,1,2,1826.6017585018524,1,2,622.6404694155248,1,6,12.0
480.4372430936505,636.0242913332112,0,0,0.0,0,0,241.6133634794092,0,2,1.4
1087.8324222450256,1294.6930339427845,1,1,612.4411099956866,3,1,335.74228739812827,1,5,7.466666666666667
1628.497746754769,2230.1687438627646,1,1,793.0457372249411,1,1,605.0649398442156,0,4,8.25
1650.4215117541662,2029.991402483316,0,0,0.0,0,0,417.60996935447565,0,0,6.7
210.3974514614948,2700.1958235298066,1,1,1619.844721191579,1,1,468.991083858229,2,3,3.572222222222222
2250.078704405568,2483.6466020830594,1,2,793.0457372249411,1,1,634.2958360817062,0,5,9.866666666666667
1935.6975425773912,2278.6159628682103,0,0,0.0,0,0,484.8180026757124,0,2,7.783333333333333
2062.6311365378456,2305.004512564759,1,2,793.0457372249411,2,0,481.99951685024985,0,5,6.433333333333334
1521.7484064428927,1961.1415419351656,1,4,974.8760264943768,2,5,279.59124413176204,1,9,11.033333333333331
1785.097322290547,2064.9215939913865,1,0,793.0457372249411,0,1,575.4307972127804,1,0,12.15
344.73442297445604,2814.896116632345,1,0,1467.054548723467,1,1,677.6466871921642,0,2,9.133333333333333
1717.7083038856506,2065.156842566705,0,0,608.7054608738868,0,0,593.335696478511,0,1,6.016666666666667
1062.391793649275,1324.6344711686825,1,0,0.0,1,0,534.6166240132011,0,2,8.766666666666667
2718.3314136971658,2844.3506156860885,1,4,974.8760264943768,0,4,623.3541619465117,5,11,5.404166666666667
2580.04539468423,2739.486227961816,1,1,1630.2473763863536,1,1,409.0410754749194,0,4,6.7
1341.993462662629,1812.626180276732,0,0,575.4407558091866,0,0,587.9371305416772,0,3,3.216666666666667
1093.8755505365496,1785.0743784164874,0,0,0.0,0,0,651.615031853899,0,5,4.283333333333333
1180.4935670065372,1601.964485240093,0,0,886.4465447797426,0,0,319.0567783767432,0,3,4.416666666666667
2465.000132253132,2640.00375944926,1,3,793.0457372249411,1,3,497.5265790862615,1,8,13.25
2043.7954592759552,2191.7027957473165,1,2,974.8760264943768,2,0,396.3275038232306,0,4,7.2
1694.3434641151846,1954.903825034468,0,0,0.0,0,0,696.7522704363772,0,1,4.716666666666667
1248.4252491995749,1417.456436331689,1,1,746.9421803053973,0,1,257.1925174116242,0,5,9.183333333333334
1296.3134480867045,1485.3012255114934,0,0,0.0,0,0,426.2003518158351,0,4,4.533333333333333
1248.26272249668,1431.289250851294,1,5,746.9421803053973,3,5,501.82533057282507,5,11,16.95
1559.6241918426008,1817.1676952147327,0,0,608.7054608738868,0,0,477.2884655983288,0,2,11.283333333333331
1734.0739279357713,1928.997623849077,1,4,1076.5083780047717,1,5,284.1852275636179,5,6,10.883333333333333
1531.4144499646616,1953.6018404793108,0,0,0.0,0,0,425.80419549848216,0,3,5.266666666666667
1572.392429811169,1877.529219456629,1,1,524.1999551091711,1,1,578.5070034171127,0,6,6.666666666666667
689.1576152768898,1018.3858266475196,0,0,0.0,0,0,294.90902838032105,0,2,2.533333333333333
1227.469597158975,1479.4839414188182,0,0,608.7054608738868,0,0,363.528760615718,0,2,3.583333333333333
1916.627527888604,2503.3314096143936,1,0,974.8760264943768,1,0,640.5173116696169,1,2,12.35
480.60378190221286,644.28757483179,0,0,0.0,0,0,200.9074668810037,0,2,1.7
1165.5475705102426,1635.2519595347978,0,0,806.5635632358426,0,0,354.7888385515349,0,2,3.466666666666667
3028.801517330376,3737.833777447568,0,0,0.0,0,0,811.6927538336516,0,3,12.966666666666669
1099.0745752143396,1375.4125753426645,1,1,565.1118910359618,0,0,428.6379326640839,1,1,7.75
0.0,226.41888283662468,0,0,0.0,0,0,177.63277770930264,0,0,0.5333333333333333
1136.2444392574375,1033.3214513993412,1,1,2360.983868429755,1,1,856.5749718320365,0,2,3.916666666666667
1748.887065417704,1958.1968021193647,1,1,974.8760264943768,2,1,372.13493913585154,2,4,9.833333333333334
1387.2043563481748,1713.412188497491,1,1,891.6137929142803,0,1,416.5682666538701,2,2,12.2
1506.895896247462,1853.419829679368,0,0,0.0,0,0,570.6961746260781,0,3,4.416666666666667
1702.9481445988415,2159.0981804179155,0,0,0.0,0,0,422.38350988665263,0,1,6.266666666666667
1521.7484064428927,1961.1415419351656,1,3,974.8760264943768,1,3,380.6153925249842,5,10,17.5
1029.1106907703254,1236.797107274684,0,0,806.5635632358426,0,0,331.81057700124575,0,1,3.8
1421.2226220491293,3705.68795901428,1,0,2047.6021179213024,0,1,626.6409830505421,2,6,18.016666666666666
82.8609610195,291.7884792705,0,0,0.0,0,0,180.12426959267486,0,2,0.2
1748.887065417704,1958.1968021193647,1,2,974.8760264943768,3,2,372.13493913585154,0,6,11.683333333333334
1541.1507332234123,1779.2102083678178,0,0,575.4407558091866,0,0,678.9562211059019,0,1,4.066666666666666
2134.559009072841,2279.257875222441,1,3,1014.0460966443912,0,2,457.1362769419761,0,3,8.716666666666667
1935.6975425773912,2419.224914997388,0,0,0.0,0,0,538.5933053696442,0,7,6.916666666666667
2591.2848357036023,2823.717934111888,1,1,974.8760264943768,1,1,727.4421846565594,0,3,15.35
1149.9808674801495,1562.107749330905,0,0,0.0,0,0,498.5673319398467,0,1,3.7
3303.305290592265,3498.0177033623504,1,4,2008.432047771288,7,4,660.0985561681634,6,14,22.03333333333333
167.65724346138285,548.2484374999502,0,0,0.0,0,0,187.12937963362165,0,3,1.05
1786.8569000446014,2203.3774340907817,0,0,0.0,0,0,657.0036888256802,0,1,5.2
1958.2322219175728,2201.2051742962053,0,0,608.7054608738868,0,0,717.3675843118027,0,0,7.533333333333333
1354.24344035388,1536.5686826024942,1,2,746.9421803053973,2,1,508.8595567735369,2,5,9.383333333333333
1304.1456780692292,1724.275992237985,0,0,0.0,0,0,559.079999876972,0,3,3.65
1268.6103708641576,1548.499650582536,1,2,793.0457372249411,1,2,245.13887230636067,0,3,5.65
771.7930235760506,1004.3874285252472,0,0,0.0,0,0,507.91705216324976,0,5,3.3
1521.7484064428927,1822.437286497854,1,0,974.8760264943768,1,0,362.5386674292672,1,1,16.0
1021.4288910287426,1400.011876988198,0,0,806.5635632358426,0,0,295.8548983588356,0,4,3.4833333333333334
1055.0367163608428,1230.1600229660426,0,0,806.5635632358426,0,0,257.0029342092066,0,2,3.65
662.831530627613,875.4486947489272,1,0,0.0,0,0,379.3418684660528,0,0,8.616666666666667
2315.6561063144136,2613.44064928863,0,0,796.0465784219341,0,0,590.6041480381359,0,10,7.1
2214.41423070973,2544.350634179516,1,0,974.8760264943768,1,0,541.8222932607872,3,3,14.316666666666666
1135.0914086275254,1342.076539025884,0,0,806.5635632358426,0,0,338.8448032019577,0,3,2.783333333333333
1474.747202007129,1912.0688862934849,0,0,886.4465447797426,0,0,609.9830664178301,0,2,9.9
2064.072838899073,2309.795603932705,0,0,608.7054608738868,0,0,719.530599717406,0,0,6.083333333333333
1295.7108567205887,1484.2495558822086,0,0,573.8506485605868,0,0,479.5829700759523,0,3,3.75
2715.5915002357347,2974.189449918467,0,0,1679.1439135036208,0,0,651.9457035442226,0,9,7.516666666666667
101.2537122451,653.5672805453642,0,0,0.0,0,0,183.3432998362418,0,0,1.0166666666666666
1068.6878774112429,1497.997579079498,0,0,806.5635632358426,0,0,308.40878081594514,0,3,4.1
1777.6134305343414,2171.235767645416,0,0,0.0,0,0,422.5460744894621,0,2,14.65
97.2527605926568,467.8547936203128,0,0,0.0,0,0,179.8787109892894,0,0,0.5
1683.1099936591693,2150.3695031727643,1,0,793.0457372249411,2,0,606.8064603727108,1,3,9.9
2354.344678900768,2776.296264053823,1,2,793.0457372249411,2,2,646.789314246167,3,7,8.391666666666667
1730.3022398175694,2057.056312712584,1,1,974.8760264943768,1,1,347.76094065762703,0,3,6.4
546.6098134207357,677.3922537759358,0,0,0.0,0,0,275.2463302097022,0,4,7.5
1628.497746754769,2230.1687438627646,1,1,793.0457372249411,0,1,605.0649398442156,0,4,14.3
1786.0914170861324,2150.9568758325,1,0,974.8760264943768,0,0,385.3761827861175,0,0,4.916666666666667
2658.1865088768764,3071.9375134771494,0,0,796.0465784219341,0,0,557.3148891133496,0,11,9.716666666666669
1180.4935670065372,1601.964485240093,0,0,886.4465447797426,0,0,319.0567783767432,0,6,5.0
2308.012916902129,2435.937310925834,1,0,1626.487206640078,0,0,418.8003582351288,0,0,7.45
721.1908265678505,927.1412939444076,0,0,0.0,0,0,350.6622419202436,0,3,2.55
1717.7083038856506,2065.156842566705,0,0,608.7054608738868,0,0,593.335696478511,0,0,7.15
2155.489440347914,2562.106102057888,0,0,0.0,0,0,691.2943960532336,0,5,7.683333333333334
1387.2043563481748,1648.575241094294,1,6,746.9421803053973,1,5,464.0903044894853,0,9,11.3
2246.351203508013,2596.63874203243,0,0,796.0465784219341,0,0,766.502822879875,0,4,9.216666666666669
1096.8571389766332,1726.5547127636012,0,0,0.0,0,0,441.2780444245702,0,4,5.091666666666667
1036.2092724184497,1850.992944614288,0,0,0.0,0,0,651.7903814700895,0,3,4.783333333333333
1004.4345193526428,1190.4420471977426,0,0,806.5635632358426,0,0,257.32220405988073,0,5,4.433333333333334
2176.221460609314,2414.6642945977105,0,0,0.0,0,0,608.8498905090042,0,2,8.916666666666666
2073.227103424382,2338.084259743016,1,0,974.8760264943768,2,0,610.8831690381818,1,2,11.183333333333334
1732.2059073941014,2335.3407187979456,0,0,0.0,0,0,540.2794113758655,0,6,8.616666666666667
3020.1960858201646,3200.8908883814506,1,4,1743.1865729575538,1,3,533.46486998877,0,11,11.15
2350.76091767168,2587.904346147965,1,1,974.8760264943768,1,1,611.4934805280351,1,2,17.45
3022.4252383966764,3363.72349279595,0,0,1019.764459621634,0,0,603.0069134343705,0,0,7.25
1853.4514826888287,2064.790541263535,1,0,1314.2736708799266,0,1,336.8810817419301,0,0,12.016666666666667
1207.8339287753256,1618.117574887728,0,0,575.4407558091866,0,0,442.5776902836189,0,2,4.366666666666666
1531.4144499646616,1953.6018404793108,0,0,0.0,0,0,425.80419549848216,0,2,4.666666666666667
721.1908265678505,964.6694527569472,0,0,0.0,0,0,508.2363220139239,0,1,2.816666666666667
1460.7572842838688,1685.0341363677355,1,1,793.0457372249411,0,1,336.68256731045005,0,1,9.316666666666666
1555.2506669100546,2419.211999449044,0,0,1097.475619629873,0,0,567.5083137161675,0,2,1.7166666666666666
1062.3917936492749,1288.0699033626183,0,0,608.7054608738868,0,0,359.70469025531224,0,0,2.6166666666666667
1802.855932826904,2020.7583575141653,1,1,974.8760264943768,0,1,372.693491328054,0,2,11.016666666666667
1660.2842628017013,2080.8878395238817,0,0,0.0,0,0,628.0890823598054,0,0,5.116666666666666
1102.6128036347322,1330.1304770431914,1,0,0.0,3,0,459.22793719459855,1,3,7.183333333333334
1440.1744896383527,1854.1347293267115,1,2,0.0,1,1,836.246760871381,1,4,7.916666666666667
1935.6975425773912,2419.224914997388,0,0,0.0,0,0,538.5933053696442,0,2,8.916666666666666
3060.51433288793,3272.0083397726216,1,0,1826.6017585018524,4,0,626.9955715633067,3,5,15.5
2628.820451185666,2751.557607699788,1,4,974.8760264943768,2,5,621.855661019582,1,9,12.4
1892.335231665004,2266.7192670552586,1,2,524.1999551091711,2,2,759.6302135964861,1,6,10.866666666666667
31.81302072,193.5850147153,0,0,0.0,0,0,165.751074460503,0,1,0.1166666666666666
144.46363291776407,400.3362902457281,0,0,0.0,0,0,299.78318546582847,0,4,0.55
1133.5269066354542,1572.1136315807098,0,0,0.0,0,0,413.63949469797615,0,0,8.05
1204.5931143845496,1749.2134861711877,0,0,0.0,0,0,567.4322541299725,0,2,4.716666666666667
1133.5269066354542,1572.1136315807098,0,0,0.0,0,0,413.63949469797615,0,1,6.7
1730.3022398175694,2057.056312712584,1,3,974.8760264943768,1,2,347.76094065762703,1,7,8.2
1087.9777130400255,1428.6612699220789,0,0,886.4465447797426,0,0,384.7835663293705,0,0,13.1
1149.9808674801495,1562.107749330905,0,0,0.0,0,0,498.5673319398467,0,1,4.1
1916.627527888604,2503.3314096143936,1,0,974.8760264943768,0,0,640.5173116696169,1,1,14.85
2933.580738927476,3276.726318139249,0,0,1019.764459621634,0,0,597.630951935085,0,2,8.416666666666666
2270.5937324217084,3705.68795901428,1,1,2047.6021179213024,1,2,626.6409830505421,1,2,13.916666666666666
1468.137500118493,2124.6867342102646,0,0,0.0,0,0,737.4185719206068,0,1,10.566666666666666
1261.5149483969042,1461.8524054831182,0,0,0.0,0,0,325.9323517920449,0,7,5.55
2278.843303660929,2416.603427132729,1,1,1857.610014066734,0,1,359.7248167665691,1,2,12.883333333333333
1181.3817263466542,1609.1533300854098,0,0,0.0,0,0,538.2816578016995,0,1,5.533333333333333
2370.860781540324,2681.887964504648,1,3,776.2808037692365,2,3,582.316264952694,0,9,11.85
1695.4444074353046,1910.571330216365,1,2,974.8760264943768,1,1,369.7792916682056,1,3,10.466666666666669
1860.522210945004,2101.9853682725657,1,0,1499.075981603548,2,0,373.60336202861134,3,4,9.733333333333333
672.6815532838302,1027.5932891212651,0,0,0.0,0,0,285.3444694693568,0,8,2.9
1199.6034488994912,1497.3758356792002,1,1,1014.0460966443912,2,0,221.1390286229121,0,4,2.583333333333333
1306.98445397138,1657.6155893624905,1,2,746.9421803053973,2,2,703.2582687521713,1,7,11.333333333333334
960.1329413628448,1171.211956257261,1,2,709.7835036448448,3,2,318.2502442388869,2,5,8.1
1250.3069235806502,1558.1352657438993,0,0,0.0,0,0,308.1909557684205,0,6,2.8833333333333333
2541.641160664838,3545.17100552425,1,2,2008.432047771288,6,2,662.4479433887082,3,12,13.466666666666669
754.1517425621454,1075.7237532042077,1,0,0.0,0,0,480.804922325944,0,0,8.0
101.2537122451,653.5672805453642,0,0,0.0,0,0,183.3432998362418,0,0,1.25
982.2404050092496,1426.856632103005,0,0,0.0,0,0,417.6932337306266,0,0,3.3666666666666667
1036.2092724184497,1493.115598206705,0,0,0.0,0,0,418.0196757156232,0,1,3.65
1853.4514826888287,2099.782286818635,1,0,1314.2736708799266,1,0,374.4396582838451,1,1,12.783333333333331
47.2589863825,177.1326906355,1,3,0.0,2,2,88.23168213186301,0,10,5.266666666666667
928.7977470268496,1378.7049507732052,0,0,0.0,0,0,418.0502534225705,0,7,5.0
1521.7484064428927,1822.437286497854,1,1,974.8760264943768,0,0,362.5386674292672,0,1,16.6
101.2537122451,653.5672805453642,0,0,0.0,0,0,183.3432998362418,0,5,1.5833333333333333
2123.145110445114,2380.0999582233108,0,0,0.0,0,0,610.8740984860116,0,1,7.766666666666667
3103.73900779123,3317.6476677864216,1,1,1826.6017585018524,1,1,625.9943936749527,1,5,12.183333333333334
101.2537122451,494.1071009732556,0,0,0.0,0,0,282.3368614439388,0,2,1.0666666666666669
1248.26272249668,1444.3746220088906,1,2,891.6137929142803,1,2,353.7026160642884,0,5,9.783333333333331
2350.049588628163,2726.886882448544,0,0,1019.764459621634,0,0,586.8953093903518,0,11,9.783333333333331
1853.4514826888287,2099.782286818635,1,1,1314.2736708799266,1,1,374.4396582838451,0,4,14.416666666666666
1587.675826644986,1712.8871216347245,0,0,0.0,0,0,569.0037487422761,0,6,5.433333333333334
1216.3843986964323,1456.7889062854913,0,0,0.0,0,0,538.4547209791396,0,2,2.8833333333333333
1093.8755505365496,1484.8633101270052,0,0,0.0,0,0,419.5158977714958,0,2,3.9166666666666665
